{
    "STEM": {
        "physics": {
            "astronomy": {
                "Accuracy": 0.1118421052631579
            },
            "college_physics": {
                "Accuracy": 0.21568627450980393
            },
            "conceptual_physics": {
                "Accuracy": 0.26382978723404255
            },
            "high_school_physics": {
                "Accuracy": 0.2251655629139073
            },
            "average": {
                "Accuracy": 0.20413093248022793
            },
            "overall": {
                "Accuracy": 0.2109375
            }
        },
        "chemistry": {
            "college_chemistry": {
                "Accuracy": 0.15
            },
            "high_school_chemistry": {
                "Accuracy": 0.21674876847290642
            },
            "average": {
                "Accuracy": 0.1833743842364532
            },
            "overall": {
                "Accuracy": 0.19471947194719472
            }
        },
        "biology": {
            "college_biology": {
                "Accuracy": 0.2638888888888889
            },
            "high_school_biology": {
                "Accuracy": 0.2903225806451613
            },
            "average": {
                "Accuracy": 0.2771057347670251
            },
            "overall": {
                "Accuracy": 0.28193832599118945
            }
        },
        "computer science": {
            "college_computer_science": {
                "Accuracy": 0.33
            },
            "computer_security": {
                "Accuracy": 0.27
            },
            "high_school_computer_science": {
                "Accuracy": 0.0
            },
            "machine_learning": {
                "Accuracy": 0.0
            },
            "average": {
                "Accuracy": 0.15000000000000002
            },
            "overall": {
                "Accuracy": 0.14563106796116504
            }
        },
        "math": {
            "abstract_algebra": {
                "Accuracy": 0.2
            },
            "college_mathematics": {
                "Accuracy": 0.37
            },
            "elementary_mathematics": {
                "Accuracy": 0.1931216931216931
            },
            "high_school_mathematics": {
                "Accuracy": 0.24444444444444444
            },
            "high_school_statistics": {
                "Accuracy": 0.12962962962962962
            },
            "average": {
                "Accuracy": 0.2274391534391534
            },
            "overall": {
                "Accuracy": 0.21052631578947367
            }
        },
        "engineering": {
            "electrical_engineering": {
                "Accuracy": 0.23448275862068965
            },
            "average": {
                "Accuracy": 0.23448275862068965
            },
            "overall": {
                "Accuracy": 0.23448275862068965
            }
        }
    },
    "humanities": {
        "history": {
            "high_school_european_history": {
                "Accuracy": 0.21212121212121213
            },
            "high_school_us_history": {
                "Accuracy": 0.19117647058823528
            },
            "high_school_world_history": {
                "Accuracy": 0.2616033755274262
            },
            "prehistory": {
                "Accuracy": 0.20679012345679013
            },
            "average": {
                "Accuracy": 0.21792279542341594
            },
            "overall": {
                "Accuracy": 0.21827956989247313
            }
        },
        "philosophy": {
            "formal_logic": {
                "Accuracy": 0.09523809523809523
            },
            "logical_fallacies": {
                "Accuracy": 0.2392638036809816
            },
            "moral_disputes": {
                "Accuracy": 0.24566473988439305
            },
            "moral_scenarios": {
                "Accuracy": 0.0
            },
            "philosophy": {
                "Accuracy": 0.1607717041800643
            },
            "world_religions": {
                "Accuracy": 0.23976608187134502
            },
            "average": {
                "Accuracy": 0.16345073747581318
            },
            "overall": {
                "Accuracy": 0.11282306163021869
            }
        },
        "law": {
            "international_law": {
                "Accuracy": 0.0
            },
            "jurisprudence": {
                "Accuracy": 0.25925925925925924
            },
            "professional_law": {
                "Accuracy": 0.0
            },
            "average": {
                "Accuracy": 0.08641975308641975
            },
            "overall": {
                "Accuracy": 0.01588201928530913
            }
        }
    },
    "social sciences": {
        "politics": {
            "high_school_government_and_politics": {
                "Accuracy": 0.12953367875647667
            },
            "public_relations": {
                "Accuracy": 0.21818181818181817
            },
            "security_studies": {
                "Accuracy": 0.0
            },
            "us_foreign_policy": {
                "Accuracy": 0.26
            },
            "average": {
                "Accuracy": 0.1519288742345737
            },
            "overall": {
                "Accuracy": 0.11574074074074074
            }
        },
        "culture": {
            "human_sexuality": {
                "Accuracy": 0.2595419847328244
            },
            "sociology": {
                "Accuracy": 0.22388059701492538
            },
            "average": {
                "Accuracy": 0.24171129087387488
            },
            "overall": {
                "Accuracy": 0.23795180722891565
            }
        },
        "economics": {
            "econometrics": {
                "Accuracy": 0.23684210526315788
            },
            "high_school_macroeconomics": {
                "Accuracy": 0.17435897435897435
            },
            "high_school_microeconomics": {
                "Accuracy": 0.1722689075630252
            },
            "average": {
                "Accuracy": 0.1944899957283858
            },
            "overall": {
                "Accuracy": 0.18328840970350405
            }
        },
        "geography": {
            "high_school_geography": {
                "Accuracy": 0.19696969696969696
            },
            "average": {
                "Accuracy": 0.19696969696969696
            },
            "overall": {
                "Accuracy": 0.19696969696969696
            }
        },
        "psychology": {
            "high_school_psychology": {
                "Accuracy": 0.1798165137614679
            },
            "professional_psychology": {
                "Accuracy": 0.10294117647058823
            },
            "average": {
                "Accuracy": 0.14137884511602805
            },
            "overall": {
                "Accuracy": 0.13915298184961106
            }
        }
    },
    "other (business, health, misc.)": {
        "other": {
            "global_facts": {
                "Accuracy": 0.18
            },
            "miscellaneous": {
                "Accuracy": 0.23371647509578544
            },
            "professional_accounting": {
                "Accuracy": 0.1773049645390071
            },
            "average": {
                "Accuracy": 0.19700714654493087
            },
            "overall": {
                "Accuracy": 0.21545064377682405
            }
        },
        "business": {
            "business_ethics": {
                "Accuracy": 0.04
            },
            "management": {
                "Accuracy": 0.14563106796116504
            },
            "marketing": {
                "Accuracy": 0.26495726495726496
            },
            "average": {
                "Accuracy": 0.15019611097281002
            },